trade_date,exchange,symbol,n_rows,first_timestamp,last_timestamp,duration_seconds,mean_snapshot_interval_ms,p50_snapshot_interval_ms,p95_snapshot_interval_ms,p99_snapshot_interval_ms,n_duplicate_timestamps,n_duplicate_sequence_numbers,n_non_monotonic_sequence,n_missing_values_by_column,n_crossed_book_rows,n_zero_or_negative_price_rows,n_zero_or_negative_size_rows,spread_mean,spread_p50,spread_p95,depth_top10_mean,depth_top10_p50,depth_top10_p95,file_size_mb
2024-01-01,BINANCE,BTC-USDT,178030,2024-01-01 00:00:03.168000+00:00,2024-01-01 23:59:59.844000+00:00,86396.676,485.29551926933254,400.0,1399.999744,2100.999936,0,0,0,{},0,0,0,0.018343424424529076,0.01171875,0.01171875,12.717529296875,12.361444473266602,19.20423240661621,759.2053
2024-01-02,BINANCE,BTC-USDT,196423,2024-01-02 00:00:01.244999936+00:00,2024-01-02 23:59:59.444000+00:00,86398.199,439.8600920470416,301.000192,1200.0,1800.999936,0,0,0,{},0,0,0,0.03539831191301346,0.01171875,0.01171875,9.569282531738281,8.750799179077148,16.086598396301266,759.2053
2024-01-03,BINANCE,BTC-USDT,181905,2024-01-03 00:00:00.044000+00:00,2024-01-03 23:59:59.720999936+00:00,86399.676999,474.97403575477176,400.0,1300.0002559999998,2000.999936,0,0,0,{},0,0,0,0.2547953128814697,0.01171875,0.01171875,10.330649375915527,9.723810195922852,18.79397506713867,759.2053
2024-01-04,BINANCE,BTC-USDT,216272,2024-01-04 00:00:00.321000192+00:00,2024-01-04 23:59:59.539000064+00:00,86399.217999,399.4951611629483,300.00025600000004,1001.000192,1600.99968,0,0,0,{},0,0,0,0.04477120563387871,0.01171875,0.01171875,10.304365158081055,10.138115882873535,16.213022994995114,759.2053
2024-01-05,BINANCE,BTC-USDT,190692,2024-01-05 00:00:00.940000+00:00,2024-01-05 23:59:59.604000+00:00,86398.664,453.08202274884496,399.99974399999996,1200.9999360000002,1900.9999360000002,0,0,0,{},0,0,0,0.10085119307041168,0.01171875,0.01171875,7.854609966278076,7.536120414733887,13.310683250427243,759.2053
2024-01-06,BINANCE,BTC-USDT,184472,2024-01-06 00:00:00.104000+00:00,2024-01-06 23:59:59.540000+00:00,86399.436,468.3632440871465,400.0,1300.0,1901.000192,0,0,0,{},0,0,0,0.018310092389583588,0.01171875,0.01171875,9.543758392333984,8.96803092956543,15.427010393142679,759.2053
2024-01-07,BINANCE,BTC-USDT,194677,2024-01-07 00:00:00.140999936+00:00,2024-01-07 23:59:59.651000064+00:00,86399.51,443.81182066678997,399.99974399999996,1200.9999360000002,1801.000192,0,0,0,{},0,0,0,0.021266276016831398,0.01171875,0.01171875,9.612382888793945,9.156310081481934,14.917972373962389,759.2053
2024-01-08,BINANCE,BTC-USDT,192079,2024-01-08 00:00:00.651000064+00:00,2024-01-08 23:59:59.780000+00:00,86399.128999,449.81272712094045,399.99974399999996,1200.9999360000002,1900.9999360000002,0,0,0,{},0,0,0,0.08438253402709961,0.01171875,0.01171875,8.721407890319824,7.906169891357422,15.146156024932864,759.2053
2024-01-09,BINANCE,BTC-USDT,151833,2024-01-09 00:00:00.080000+00:00,2024-01-09 23:59:59.953999872+00:00,86399.873999,569.0491727690605,400.0,1600.999936,2901.000192,0,0,0,{},0,0,0,0.16799211502075195,0.01171875,0.01171875,7.700328826904297,7.113029479980469,13.485831451416015,759.2053
2024-01-10,BINANCE,BTC-USDT,191545,2024-01-10 00:00:00.753999872+00:00,2024-01-10 23:59:59.424999936+00:00,86398.671,451.0643559707639,399.99974399999996,1200.9999360000002,1900.99968,0,0,0,{},0,0,0,0.18518444895744324,0.01171875,0.01171875,7.666175842285156,5.900979995727539,12.478479385375977,759.2053
2024-01-11,BINANCE,BTC-USDT,38945,2024-01-11 00:00:00.525000192+00:00,2024-01-11 23:59:57.996000+00:00,86397.470999,2218.5053153196386,700.9999359999999,8103.999744,30114.56998144,0,0,0,{},0,0,0,0.07690633088350296,0.01171875,0.01171875,6.296207427978516,5.353359699249268,10.686453437805174,759.2053
2024-01-12,BINANCE,BTC-USDT,10808,2024-01-12 00:00:15.602999808+00:00,2024-01-12 23:59:39.520999936+00:00,86363.918,7991.479411504395,3500.9999359999997,30113.7000704,61120.999838720054,0,0,0,{},0,0,0,0.07664822787046432,0.01171875,0.01171875,7.460643291473389,6.508404970169067,11.438405656814574,759.2053
2024-01-13,BINANCE,BTC-USDT,148825,2024-01-13 00:00:00.231000064+00:00,2024-01-13 23:59:58.502000128+00:00,86398.271,580.5399061983551,400.0,1500.999936,2700.999936,0,0,0,{},0,0,0,0.020954744890332222,0.01171875,0.01171875,7.591384410858154,7.02554988861084,11.8509220123291,759.2053
2024-01-14,BINANCE,BTC-USDT,163868,2024-01-14 00:00:00.003000064+00:00,2024-01-14 23:59:59.164999936+00:00,86399.161999,527.2517468426956,400.0,1500.0,2300.0,0,0,0,{},0,0,0,0.018587345257401466,0.01171875,0.01171875,8.35128116607666,7.760196208953857,13.238126325607297,759.2053
2024-01-15,BINANCE,BTC-USDT,175920,2024-01-15 00:00:01.466000128+00:00,2024-01-15 23:59:59.448999936+00:00,86397.982999,491.1236591829649,400.0,1399.999744,2100.999936,0,0,0,{},0,0,0,0.021463213488459587,0.01171875,0.01171875,9.176623344421387,7.749730587005615,13.44994826316833,759.2053
2024-01-16,BINANCE,BTC-USDT,181104,2024-01-16 00:00:00.948999936+00:00,2024-01-16 23:59:59.769999872+00:00,86398.820999,477.0700706224414,400.0,1300.999936,2000.999936,0,0,0,{},0,0,0,0.022578813135623932,0.01171875,0.01171875,8.374405860900879,7.723995685577393,12.891482114791874,759.2053
2024-01-17,BINANCE,BTC-USDT,167870,2024-01-17 00:00:01.671000064+00:00,2024-01-17 23:59:59.928999936+00:00,86398.257999,514.6766704982575,400.0,1401.000192,2201.000192,0,0,0,{},0,0,0,0.019001217558979988,0.01171875,0.01171875,10.599661827087402,9.914290428161621,15.757942008972156,759.2053
2024-01-18,BINANCE,BTC-USDT,183912,2024-01-18 00:00:00.428999936+00:00,2024-01-18 23:59:59.712000+00:00,86399.283,469.78855533417794,399.99974399999996,1300.0,2000.999936,0,0,0,{},0,0,0,0.031278207898139954,0.01171875,0.01171875,11.126070976257324,10.399599075317383,17.20589132308959,759.2053
2024-01-19,BINANCE,BTC-USDT,164634,2024-01-19 00:00:00.512000+00:00,2024-01-19 23:59:59.635000064+00:00,86399.123,524.798327188741,400.0,1500.999936,2301.000192,0,0,0,{},0,0,0,0.02891833707690239,0.01171875,0.01171875,10.955240249633789,10.43467903137207,16.902831268310546,759.2053
2024-01-20,BINANCE,BTC-USDT,165422,2024-01-20 00:00:00.035000064+00:00,2024-01-20 23:59:58.407000064+00:00,86398.372,522.2938562818506,400.0,1500.999936,2301.9998720000003,0,0,0,{},0,0,0,0.013725053519010544,0.01171875,0.01171875,11.341602325439453,10.755383968353271,17.417615318298335,759.2053
2024-01-21,BINANCE,BTC-USDT,176978,2024-01-21 00:00:00.208000+00:00,2024-01-21 23:59:59.688999936+00:00,86399.480999,488.1960989277477,399.99974399999996,1400.000256,2102.0001279999997,0,0,0,{},0,0,0,0.011930706910789013,0.01171875,0.01171875,13.515525817871094,12.977543830871582,20.348104763031,759.2053
2024-01-22,BINANCE,BTC-USDT,169066,2024-01-22 00:00:01.089999872+00:00,2024-01-22 23:59:59.588999936+00:00,86398.499,511.03716913650965,400.0,1400.9999360000002,2200.999936,0,0,0,{},0,0,0,0.03586975112557411,0.01171875,0.01171875,9.470113754272461,8.964319229125977,15.14703917503357,759.2053
2024-01-23,BINANCE,BTC-USDT,152161,2024-01-23 00:00:00.890000128+00:00,2024-01-23 23:59:58.450000128+00:00,86397.56,567.8073080967403,400.999936,1600.999936,2500.9999359999997,0,0,0,{},0,0,0,0.029452793300151825,0.01171875,0.01171875,11.904718399047852,10.086859703063965,17.0699405670166,759.2053
2024-01-24,BINANCE,BTC-USDT,164873,2024-01-24 00:00:00.051000064+00:00,2024-01-24 23:59:59.971000064+00:00,86399.92,524.0424086564122,400.0,1500.0,2300.999936,0,0,0,{},0,0,0,0.01708845980465412,0.01171875,0.01171875,12.539844512939453,10.29928970336914,16.50597305297851,759.2053
2024-01-25,BINANCE,BTC-USDT,166660,2024-01-25 00:00:02.572999936+00:00,2024-01-25 23:59:59.933000192+00:00,86397.36,518.4080067698475,400.0,1500.0,2300.999936,0,0,0,{},0,0,0,0.013042881153523922,0.01171875,0.01171875,12.601300239562988,12.168049812316895,18.386971664428707,759.2053
2024-01-26,BINANCE,BTC-USDT,185149,2024-01-26 00:00:00.632999936+00:00,2024-01-26 23:59:59.732999936+00:00,86399.1,466.648843087692,399.99974399999996,1300.0002559999998,2000.999936,0,0,0,{},0,0,0,0.01873788610100746,0.01171875,0.01171875,11.801562309265137,11.393797874450684,17.756183242797853,759.2053
2024-01-27,BINANCE,BTC-USDT,188204,2024-01-27 00:00:10.137000192+00:00,2024-01-27 23:59:59.772000+00:00,86389.634999,459.02368718781315,399.99974399999996,1300.0,2000.999936,0,0,0,{},0,0,0,0.011807686649262905,0.01171875,0.01171875,12.837218284606934,11.439009189605713,18.359588432312012,759.2053
2024-01-28,BINANCE,BTC-USDT,166630,2024-01-28 00:00:01.272000+00:00,2024-01-28 23:59:59.637000192+00:00,86398.365,518.5073726673749,400.0,1500.0,2301.000192,0,0,0,{},0,0,0,0.013692082837224007,0.01171875,0.01171875,14.004700660705566,11.256099700927734,19.361295413970936,759.2053
2024-01-29,BINANCE,BTC-USDT,175297,2024-01-29 00:00:02.839000064+00:00,2024-01-29 23:59:59.918999808+00:00,86397.079999,492.86395582183275,400.0,1400.9999360000002,2200.999936,0,0,0,{},0,0,0,0.014333642087876797,0.01171875,0.01171875,12.76627254486084,12.33411979675293,19.040581512451165,759.2053
2024-01-30,BINANCE,BTC-USDT,169094,2024-01-30 00:00:01.420000+00:00,2024-01-30 23:59:59.783000064+00:00,86398.363,510.9517425325945,400.0,1401.000192,2300.999936,0,0,0,{},0,0,0,0.015310317277908325,0.01171875,0.01171875,12.98127555847168,12.46032428741455,19.229223823547375,759.2053
2024-01-31,BINANCE,BTC-USDT,161622,2024-01-31 00:00:01.083000064+00:00,2024-01-31 23:59:58.855000064+00:00,86397.772,534.5702105543215,400.0,1500.999936,2301.799731199988,0,0,0,{},0,0,0,0.01696019433438778,0.01171875,0.01171875,12.358745574951172,11.993379592895508,18.80227279663086,759.2053
2024-02-01,BINANCE,BTC-USDT,162573,2024-02-01 00:00:00.155000064+00:00,2024-02-01 23:59:59.828999936+00:00,86399.673999,531.4548261685406,400.0,1500.999936,2302.000128,0,0,0,{},0,0,0,0.015517428517341614,0.01171875,0.01171875,12.19843578338623,11.648428916931152,17.450915908813474,1059.1462
2024-02-02,BINANCE,BTC-USDT,184446,2024-02-02 00:00:00.028999936+00:00,2024-02-02 23:59:59.543000064+00:00,86399.514,468.42968906789565,399.99974399999996,1300.999936,2100.999936,0,0,0,{},0,0,0,0.014272067695856094,0.01171875,0.01171875,14.823959350585938,14.117198944091797,22.57381772994995,1059.1462
2024-02-03,BINANCE,BTC-USDT,185852,2024-02-03 00:00:00.243000064+00:00,2024-02-03 23:59:59.930000128+00:00,86399.687,464.88685559972237,301.000192,1300.999936,2100.9996800000004,0,0,0,{},0,0,0,0.011091066524386406,0.01171875,0.01171875,14.354925155639648,13.921820163726807,21.461683845520017,1059.1462
2024-02-04,BINANCE,BTC-USDT,183145,2024-02-04 00:00:02.131000064+00:00,2024-02-04 23:59:59.849999872+00:00,86397.718999,471.7474719336042,399.99974399999996,1300.999936,2001.0001919999997,0,0,0,{},0,0,0,0.012147457338869572,0.01171875,0.01171875,14.626091003417969,14.270369529724121,21.201594924926756,1059.1462
2024-02-05,BINANCE,BTC-USDT,179011,2024-02-05 00:00:00.750000128+00:00,2024-02-05 23:59:59.872999936+00:00,86399.122999,482.6497011329423,400.0,1301.000192,2100.999936,0,0,0,{},0,0,0,0.01273402851074934,0.01171875,0.01171875,14.846908569335938,14.406740188598633,21.175472259521484,1059.1462
2024-02-06,BINANCE,BTC-USDT,180499,2024-02-06 00:00:01.473999872+00:00,2024-02-06 23:59:59.600000+00:00,86398.126,478.6652816104777,399.99974399999996,1301.000192,2101.000192,0,0,0,{},0,0,0,0.013405567035079002,0.01171875,0.01171875,14.900388717651367,14.456391334533691,21.15020179748535,1059.1462
2024-02-07,BINANCE,BTC-USDT,181797,2024-02-07 00:00:00.000999936+00:00,2024-02-07 23:59:59.283000064+00:00,86399.282,475.2540319926071,399.99974399999996,1301.000192,2100.999936,0,0,0,{},0,0,0,0.014520595781505108,0.01171875,0.01171875,15.130154609680176,14.443038940429688,20.835823059082028,1059.1462
2024-02-08,BINANCE,BTC-USDT,207361,2024-02-08 00:00:00.183000064+00:00,2024-02-08 23:59:59.936999936+00:00,86399.753999,416.6654803234568,300.0,1200.0,1900.000256,0,0,0,{},0,0,0,0.014615249820053577,0.01171875,0.01171875,14.164156913757324,13.629192352294922,20.10112190246582,1059.1462
2024-02-09,BINANCE,BTC-USDT,133756,2024-02-09 00:00:00.036999936+00:00,2024-02-09 23:59:57.440000+00:00,86397.403,645.9377443838661,300.99993600000005,1700.0,6503.000064,0,0,0,{},0,0,0,0.028924256563186646,0.01171875,0.01171875,13.486538887023926,12.486715316772461,18.86519479751587,1059.1462
2024-02-10,BINANCE,BTC-USDT,60482,2024-02-10 00:00:00.842000128+00:00,2024-02-10 23:59:58.184000+00:00,86397.341999,1428.5038607144722,601.000192,5301.999871999999,11804.9999872,0,0,0,{},0,0,0,0.011437092907726765,0.01171875,0.01171875,11.30136489868164,10.766955375671387,16.506681442260742,1059.1462
2024-02-11,BINANCE,BTC-USDT,120899,2024-02-11 00:00:00.084999936+00:00,2024-02-11 23:59:58.844999936+00:00,86398.76,714.6417641317474,400.000256,1900.9999360000002,5303.000064,0,0,0,{},0,0,0,0.013375058770179749,0.01171875,0.01171875,11.874691009521484,11.160698890686035,17.996381187438963,1059.1462
2024-02-12,BINANCE,BTC-USDT,185444,2024-02-12 00:00:02.447000064+00:00,2024-02-12 23:59:59.819000064+00:00,86397.372,465.89718673662526,399.99974399999996,1300.999936,2100.999936,0,0,0,{},0,0,0,0.017125621438026428,0.01171875,0.01171875,12.819400787353516,12.345454216003418,18.89773483276367,1059.1462
2024-02-13,BINANCE,BTC-USDT,138566,2024-02-13 00:00:00.119000064+00:00,2024-02-13 23:59:59.045000192+00:00,86398.926,623.5263306038898,400.0,1801.000192,4401.999872,0,0,0,{},0,0,0,0.01913018338382244,0.01171875,0.01171875,12.50670051574707,11.706623554229736,18.18257188796997,1059.1462
2024-02-14,BINANCE,BTC-USDT,36462,2024-02-14 00:00:00.045000192+00:00,2024-02-14 23:59:59.729000192+00:00,86399.684,2369.6465812786264,900.0,9103.999743999999,21509.999872,0,0,0,{},0,0,0,0.013270129449665546,0.01171875,0.01171875,12.485367774963379,12.11736536026001,17.953623008728027,1059.1462
2024-02-15,BINANCE,BTC-USDT,245454,2024-02-15 00:00:00.028999936+00:00,2024-02-15 23:59:59.972999936+00:00,86399.944,352.0019881606662,200.0,1000.9999359999999,2201.00005888,0,0,0,{},0,0,0,0.020410504192113876,0.01171875,0.01171875,12.427558898925781,12.206619262695312,17.863264942169184,1059.1462
2024-02-16,BINANCE,BTC-USDT,447633,2024-02-16 00:00:01.773999872+00:00,2024-02-16 23:59:59.964999936+00:00,86398.191,193.01165019494584,100.000256,500.0,600.999936,0,0,0,{},0,0,0,0.017341388389468193,0.01171875,0.01171875,11.441874504089355,11.08045768737793,16.801182556152344,1059.1462
2024-02-17,BINANCE,BTC-USDT,484894,2024-02-17 00:00:01.065999872+00:00,2024-02-17 23:59:59.868000+00:00,86398.802,178.18116986660561,100.000256,400.999936,600.0002559999999,0,0,0,{},0,0,0,0.016711996868252754,0.01171875,0.01171875,12.091666221618652,11.484020233154297,18.742582321166985,1059.1462
2024-02-18,BINANCE,BTC-USDT,399309,2024-02-18 00:00:01.969000192+00:00,2024-02-18 23:59:59.802000128+00:00,86397.832999,216.3689006980476,200.0,500.0,601.000192,0,0,0,{},0,0,0,0.013263528235256672,0.01171875,0.01171875,11.570554733276367,10.9552001953125,17.514609527587883,1059.1462
2024-02-19,BINANCE,BTC-USDT,395302,2024-02-19 00:00:00.101999872+00:00,2024-02-19 23:59:59.854000128+00:00,86399.752,218.56699578360795,199.99974400000002,500.0,700.0,0,0,0,{},0,0,0,0.015097130089998245,0.01171875,0.01171875,13.805588722229004,13.165740489959717,20.0585880279541,1059.1462
2024-02-20,BINANCE,BTC-USDT,442723,2024-02-20 00:00:01.654000128+00:00,2024-02-20 23:59:59.748000+00:00,86398.093999,195.15202316548985,100.000256,500.0,601.000192,0,0,0,{},0,0,0,0.028766611590981483,0.01171875,0.01171875,12.276272773742676,11.851480484008789,18.046314811706537,1059.1462
2024-02-21,BINANCE,BTC-USDT,369687,2024-02-21 00:00:01.548999936+00:00,2024-02-21 23:59:59.703000064+00:00,86398.154,233.70685933502486,200.0,500.0,700.0,0,0,0,{},0,0,0,0.01963426172733307,0.01171875,0.01171875,12.196328163146973,11.567049026489258,18.172578620910645,1059.1462
2024-02-22,BINANCE,BTC-USDT,315328,2024-02-22 00:00:01.403000064+00:00,2024-02-22 23:59:59.923000064+00:00,86398.52,273.9965813266863,299.999744,600.0,701.000192,0,0,0,{},0,0,0,0.018341293558478355,0.01171875,0.01171875,12.955309867858887,12.524320125579834,18.460338592529297,1059.1462
2024-02-23,BINANCE,BTC-USDT,374109,2024-02-23 00:00:01.324000+00:00,2024-02-23 23:59:59.839000064+00:00,86398.515,230.94538208235056,101.000192,599.999744,701.000192,0,0,0,{},0,0,0,0.0165249090641737,0.01171875,0.01171875,13.743446350097656,13.20215892791748,19.63358154296875,1059.1462
2024-02-24,BINANCE,BTC-USDT,386118,2024-02-24 00:00:02.340000+00:00,2024-02-24 23:59:59.917999872+00:00,86397.577999,223.76009862262478,199.99974400000002,500.99993600000005,700.9999359999999,0,0,0,{},0,0,0,0.01257280446588993,0.01171875,0.01171875,13.946454048156738,13.291260719299316,20.673816490173337,1059.1462
2024-02-25,BINANCE,BTC-USDT,378332,2024-02-25 00:00:01.017999872+00:00,2024-02-25 23:59:59.740000+00:00,86398.722,228.36807451709745,100.999936,599.999744,701.000192,0,0,0,{},0,0,0,0.013381176628172398,0.01171875,0.01171875,14.289671897888184,13.595358848571777,20.663761138916016,1059.1462
2024-02-26,BINANCE,BTC-USDT,422791,2024-02-26 00:00:00.940999936+00:00,2024-02-26 23:59:59.904999936+00:00,86398.964,204.35432247687982,100.000256,500.0,699.999744,0,0,0,{},0,0,0,0.020919494330883026,0.01171875,0.01171875,15.408782005310059,14.485250473022461,24.999849319458008,1059.1462
2024-02-27,BINANCE,BTC-USDT,451428,2024-02-27 00:00:00.204999936+00:00,2024-02-27 23:59:59.928000+00:00,86399.723,191.3924576954059,100.000256,401.00019199999997,600.0002559999999,0,0,0,{},0,0,0,0.03563332185149193,0.01171875,0.01171875,10.916055679321289,10.484150409698486,16.249835968017578,1059.1462
2024-02-28,BINANCE,BTC-USDT,408243,2024-02-28 00:00:00.028000+00:00,2024-02-28 23:59:59.805999872+00:00,86399.777999,211.638631007765,200.0,400.999936,600.0002559999999,0,0,0,{},0,0,0,0.21562694013118744,0.01171875,0.01171875,9.979578018188477,9.417850494384766,16.711433219909665,1059.1462
2024-02-29,BINANCE,BTC-USDT,419125,2024-02-29 00:00:00.006000128+00:00,2024-02-29 23:59:58.888000+00:00,86398.881999,206.14157623966176,200.0,201.000192,500.0,0,0,0,{},0,0,0,0.03694310039281845,0.01171875,0.01171875,7.49995231628418,6.993720054626465,11.42028484344482,1059.1462
2024-03-01,BINANCE,BTC-USDT,394974,2024-03-01 00:00:00.288999936+00:00,2024-03-01 23:59:59.972000+00:00,86399.683,218.74832710100185,200.0,500.99993600000005,700.9999359999999,0,0,0,{},0,0,0,0.020894115790724754,0.01171875,0.01171875,9.793086051940918,9.328455448150635,14.76165308952331,2105.948
2024-03-02,BINANCE,BTC-USDT,469777,2024-03-02 00:00:00.072000+00:00,2024-03-02 23:59:59.871000064+00:00,86399.799,183.9170136406798,100.000256,500.0,600.99968,0,0,0,{},0,0,0,0.016213776543736458,0.01171875,0.01171875,11.19385051727295,10.670061111450195,17.15250244140625,2105.948
2024-03-03,BINANCE,BTC-USDT,353662,2024-03-03 00:00:00.770999808+00:00,2024-03-03 23:59:59.887000064+00:00,86399.116,244.29924701976188,200.0,500.99993600000005,700.0,0,0,0,{},0,0,0,0.02445206418633461,0.01171875,0.01171875,11.432538986206055,11.047229290008545,17.274024200439456,2105.948
2024-03-04,BINANCE,BTC-USDT,409495,2024-03-04 00:00:00.086999808+00:00,2024-03-04 23:59:59.880999936+00:00,86399.794,210.99159938882622,200.0,300.0,500.0,0,0,0,{},0,0,0,0.04818946123123169,0.0078125,0.015625,8.696149826049805,8.097041130065918,14.043561553955078,2105.948
2024-03-05,BINANCE,BTC-USDT,447886,2024-03-05 00:00:01.282000128+00:00,2024-03-05 23:59:59.946000128+00:00,86398.664,192.90367839958918,199.99974400000002,401.00019199999997,600.0002559999999,0,0,0,{},0,0,0,0.4951150119304657,0.0078125,0.921875,6.900055885314941,6.354245185852051,11.546995401382446,2105.948
2024-03-06,BINANCE,BTC-USDT,423776,2024-03-06 00:00:00.747000064+00:00,2024-03-06 23:59:59.999000064+00:00,86399.252,203.88001179871395,200.0,200.999936,400.000256,0,0,0,{},0,0,0,0.07006097584962845,0.0078125,0.015625,7.138108730316162,6.654410362243652,10.941770076751709,2105.948
2024-03-07,BINANCE,BTC-USDT,447401,2024-03-07 00:00:01.398999808+00:00,2024-03-07 23:59:59.849999872+00:00,86398.451,193.11231783653108,199.99974400000002,401.00019199999997,600.0002559999999,0,0,0,{},0,0,0,0.026711059734225273,0.0078125,0.015625,10.343241691589355,9.891000747680664,15.463419914245605,2105.948
2024-03-08,BINANCE,BTC-USDT,414244,2024-03-08 00:00:00.049999872+00:00,2024-03-08 23:59:59.992999936+00:00,86399.943,208.57309115679445,200.0,500.0,600.0002559999999,0,0,0,{},0,0,0,0.14004020392894745,0.0078125,0.015625,10.756494522094727,10.20348072052002,17.21740961074829,2105.948
2024-03-09,BINANCE,BTC-USDT,414452,2024-03-09 00:00:00.193000192+00:00,2024-03-09 23:59:59.878000128+00:00,86399.684999,208.46779233235293,200.0,301.000192,500.99993600000005,0,0,0,{},0,0,0,0.012803993187844753,0.0078125,0.015625,11.428373336791992,10.950140953063965,16.97064352035522,2105.948
2024-03-10,BINANCE,BTC-USDT,419184,2024-03-10 00:00:00.078000128+00:00,2024-03-10 23:59:59.888999936+00:00,86399.810999,206.11477803204806,200.0,300.0,500.0,0,0,0,{},0,0,0,0.02082766778767109,0.0078125,0.015625,10.425017356872559,9.86715030670166,16.203473567962646,2105.948
2024-03-11,BINANCE,BTC-USDT,434574,2024-03-11 00:00:00.489000192+00:00,2024-03-11 23:59:59.885999872+00:00,86399.396999,198.81446155117783,200.0,400.999936,600.0,0,0,0,{},0,0,0,0.04865190014243126,0.0078125,0.015625,11.21943187713623,10.263395309448242,16.466448783874508,2105.948
2024-03-12,BINANCE,BTC-USDT,424412,2024-03-12 00:00:00.085999872+00:00,2024-03-12 23:59:59.832000+00:00,86399.746,203.5756519037631,200.0,201.000192,400.999936,0,0,0,{},0,0,0,0.07476916164159775,0.0078125,0.015625,10.120033264160156,9.800835132598877,15.45521440505981,2105.948
2024-03-13,BINANCE,BTC-USDT,417063,2024-03-13 00:00:00.032000+00:00,2024-03-13 23:59:59.811000064+00:00,86399.779,207.16291342789322,200.0,300.0,500.0,0,0,0,{},0,0,0,0.023699114099144936,0.0078125,0.015625,11.789900779724121,10.96514892578125,16.920073127746573,2105.948
2024-03-14,BINANCE,BTC-USDT,410184,2024-03-14 00:00:00.010999808+00:00,2024-03-14 23:59:59.812000+00:00,86399.801,210.63720583298675,200.0,300.0,500.0,0,0,0,{},0,0,0,0.08279668539762497,0.0078125,0.015625,11.063109397888184,10.730075359344482,16.809518814086914,2105.948
2024-03-15,BINANCE,BTC-USDT,460442,2024-03-15 00:00:00.312000+00:00,2024-03-15 23:59:59.984000+00:00,86399.672,187.64547900816822,100.000256,400.000256,600.0,0,0,0,{},0,0,0,0.22882980108261108,0.0078125,0.359375,7.421584606170654,7.02201509475708,11.975447177886961,2105.948
2024-03-16,BINANCE,BTC-USDT,407538,2024-03-16 00:00:00.484000+00:00,2024-03-16 23:59:59.915000064+00:00,86399.431,212.00389412510765,100.000256,500.0,700.0,0,0,0,{},0,0,0,0.14243799448013306,0.0078125,0.015625,9.002001762390137,8.724820137023926,14.362157917022703,2105.948
2024-03-17,BINANCE,BTC-USDT,465892,2024-03-17 00:00:01.916000+00:00,2024-03-17 23:59:59.926000128+00:00,86398.01,185.4468319845801,100.000256,401.00019199999997,600.0,0,0,0,{},0,0,0,0.12221234291791916,0.0078125,0.015625,8.725034713745117,8.429924964904785,13.479609489440918,2105.948
2024-03-18,BINANCE,BTC-USDT,370389,2024-03-18 00:00:00.726000128+00:00,2024-03-18 23:59:59.967000064+00:00,86399.240999,233.26684719790057,200.0,500.0,600.0002559999999,0,0,0,{},0,0,0,0.07493160665035248,0.0078125,0.015625,9.6766996383667,8.368200302124023,13.01300926208496,2105.948
2024-03-19,BINANCE,BTC-USDT,473906,2024-03-19 00:00:00.367000064+00:00,2024-03-19 23:59:59.900999936+00:00,86399.533999,182.31403762330424,100.000256,401.00019199999997,601.000192,0,0,0,{},0,0,0,0.2952422499656677,0.01171875,1.1171875,7.436318397521973,6.014105319976807,10.512859582901001,2105.948
2024-03-20,BINANCE,BTC-USDT,416486,2024-03-20 00:00:00.000999936+00:00,2024-03-20 23:59:59.845999872+00:00,86399.844999,207.45007623308402,200.0,400.999936,600.0,0,0,0,{},0,0,0,0.15946146845817566,0.01171875,0.09765625,6.014403820037842,5.511624574661255,9.498067855834961,2105.948
2024-03-21,BINANCE,BTC-USDT,428957,2024-03-21 00:00:00.046000128+00:00,2024-03-21 23:59:59.969000192+00:00,86399.923,201.41908027877918,200.0,200.999936,399.99974399999996,0,0,0,{},0,0,0,0.05559218302369118,0.0078125,0.015625,7.7415008544921875,7.317380905151367,11.504878234863275,2105.948
2024-03-22,BINANCE,BTC-USDT,422800,2024-03-22 00:00:01.269999872+00:00,2024-03-22 23:59:59.959000064+00:00,86398.689,204.3493220187181,200.0,201.000192,500.0,0,0,0,{},0,0,0,0.06493085622787476,0.01171875,0.015625,7.02200174331665,6.566880702972412,10.874215936660764,2105.948
2024-03-23,BINANCE,BTC-USDT,421581,2024-03-23 00:00:01.060000+00:00,2024-03-23 23:59:59.994999808+00:00,86398.934999,204.94078229471987,100.999936,500.0,699.999744,0,0,0,{},0,0,0,0.03612278401851654,0.01171875,0.01171875,6.692254066467285,6.198840141296387,10.70503044128418,2105.948
2024-03-24,BINANCE,BTC-USDT,529959,2024-03-24 00:00:00.096000+00:00,2024-03-24 23:59:59.808000+00:00,86399.712,163.0312439853724,100.000256,400.0,500.99993600000005,0,0,0,{},0,0,0,0.037126559764146805,0.01171875,0.015625,7.585914134979248,7.120019435882568,11.778217601776122,2105.948
2024-03-25,BINANCE,BTC-USDT,424679,2024-03-25 00:00:00.908999936+00:00,2024-03-25 23:59:59.767000064+00:00,86398.858,203.44557052667668,101.000192,500.0,600.0002559999999,0,0,0,{},0,0,0,0.05339369177818298,0.0078125,0.015625,8.382848739624023,7.856210708618164,12.839859962463379,2105.948
2024-03-26,BINANCE,BTC-USDT,403053,2024-03-26 00:00:01.167000064+00:00,2024-03-26 23:59:59.812999936+00:00,86398.645999,214.36104026247725,200.0,400.0,500.99993600000005,0,0,0,{},0,0,0,0.03512468561530113,0.0078125,0.015625,8.816168785095215,8.279220581054688,13.290253829956054,2105.948
2024-03-27,BINANCE,BTC-USDT,424550,2024-03-27 00:00:01.614000128+00:00,2024-03-27 23:59:59.920999936+00:00,86398.306999,203.5060899915157,200.0,201.000192,400.99968,0,0,0,{},0,0,0,0.06833982467651367,0.0078125,0.015625,8.699824333190918,8.303215026855469,13.223712491989135,2105.948
2024-03-28,BINANCE,BTC-USDT,418448,2024-03-28 00:00:01.221999872+00:00,2024-03-28 23:59:59.948999936+00:00,86398.727,206.47471961816908,200.0,300.0,500.0,0,0,0,{},0,0,0,0.023577190935611725,0.0078125,0.015625,9.813959121704102,9.296205043792725,14.421819353103638,2105.948
2024-03-29,BINANCE,BTC-USDT,411373,2024-03-29 00:00:01.249999872+00:00,2024-03-29 23:59:59.828000+00:00,86398.578,210.02542224586992,199.99974400000002,500.0,700.0,0,0,0,{},0,0,0,0.018743330612778664,0.0078125,0.015625,9.717011451721191,9.412740707397461,14.226251983642573,2105.948
2024-03-30,BINANCE,BTC-USDT,463397,2024-03-30 00:00:02.028999936+00:00,2024-03-30 23:59:59.980999936+00:00,86397.952,186.44518295367246,100.000256,401.00019199999997,600.0002559999999,0,0,0,{},0,0,0,0.01307681668549776,0.0078125,0.015625,9.756352424621582,9.214008331298828,14.448093986511227,2105.948
2024-03-31,BINANCE,BTC-USDT,474937,2024-03-31 00:00:00.280999936+00:00,2024-03-31 23:59:58.867000064+00:00,86398.586,181.91627082412788,100.000256,400.000256,600.0,0,0,0,{},0,0,0,0.013743747025728226,0.0078125,0.015625,10.065783500671387,9.281439781188965,14.933326721191406,2105.948
2024-04-01,BINANCE,BTC-USDT,459310,2024-04-01 00:00:00.066999808+00:00,2024-04-01 23:59:59.898000128+00:00,86399.831,188.10829093338037,100.000256,500.0,600.999936,0,0,0,{},0,0,0,0.03494555875658989,0.0078125,0.015625,9.731553077697754,9.381799697875977,14.406624746322631,1956.6424
2024-04-02,BINANCE,BTC-USDT,431584,2024-04-02 00:00:01.898999808+00:00,2024-04-02 23:59:59.928000+00:00,86398.029,200.18867517995844,200.0,400.000256,599.999744,0,0,0,{},0,0,0,0.1652449518442154,0.0078125,0.015625,8.770687103271484,8.219764709472656,13.460780572891231,1956.6424
2024-04-03,BINANCE,BTC-USDT,438494,2024-04-03 00:00:00.028000+00:00,2024-04-03 23:59:59.586999808+00:00,86399.558999,197.0374874851092,200.0,400.999936,600.0002559999999,0,0,0,{},0,0,0,0.03445896878838539,0.0078125,0.015625,8.602876663208008,8.237030506134033,12.864249801635735,1956.6424
2024-04-04,BINANCE,BTC-USDT,475218,2024-04-04 00:00:00.086999808+00:00,2024-04-04 23:59:59.811000064+00:00,86399.724,181.81109682577855,100.000256,400.999936,600.0,0,0,0,{},0,0,0,0.029556764289736748,0.0078125,0.015625,9.166534423828125,8.801410675048828,13.429072952270506,1956.6424
2024-04-05,BINANCE,BTC-USDT,380902,2024-04-05 00:00:00.912000+00:00,2024-04-05 23:59:59.944999936+00:00,86399.032999,226.82805505875808,200.0,500.0,600.0002559999999,0,0,0,{},0,0,0,0.03760865330696106,0.0078125,0.015625,8.418050765991211,8.023659229278564,12.676167345046998,1956.6424
2024-04-06,BINANCE,BTC-USDT,403831,2024-04-06 00:00:00.644999936+00:00,2024-04-06 23:59:59.904000+00:00,86399.259,213.94958026908353,200.0,500.0,600.0002559999999,0,0,0,{},0,0,0,0.01599152944982052,0.0078125,0.015625,9.611368179321289,9.286759376525879,14.30795431137085,1956.6424
2024-04-07,BINANCE,BTC-USDT,461338,2024-04-07 00:00:00.504000+00:00,2024-04-07 23:59:59.904000+00:00,86399.4,187.2804479155151,100.000256,400.999936,600.0,0,0,0,{},0,0,0,0.018020393326878548,0.0078125,0.015625,8.977596282958984,8.457794666290283,13.632238149642943,1956.6424
2024-04-08,BINANCE,BTC-USDT,424318,2024-04-08 00:00:00.004000+00:00,2024-04-08 23:59:59.997999872+00:00,86399.993999,203.62133499216858,199.99974400000002,500.0,600.0002559999999,0,0,0,{},0,0,0,0.040969934314489365,0.0078125,0.015625,10.523493766784668,10.208969593048096,15.065550804138184,1956.6424
2024-04-09,BINANCE,BTC-USDT,451999,2024-04-09 00:00:00.898000128+00:00,2024-04-09 23:59:59.969000192+00:00,86399.071,191.14923296134938,100.000256,401.00019199999997,600.0002559999999,0,0,0,{},0,0,0,0.04189491644501686,0.0078125,0.015625,10.772811889648438,10.425589561462402,15.568940162658691,1956.6424
2024-04-10,BINANCE,BTC-USDT,474557,2024-04-10 00:00:00.068999936+00:00,2024-04-10 23:59:59.568999936+00:00,86399.5,182.06386601370545,100.000256,400.000256,599.999744,0,0,0,{},0,0,0,0.04652445763349533,0.0078125,0.015625,10.439653396606445,9.94536018371582,15.54896144866943,1956.6424
2024-04-11,BINANCE,BTC-USDT,383944,2024-04-11 00:00:00.969000192+00:00,2024-04-11 23:59:59.881999872+00:00,86398.912999,225.0305722455677,200.0,500.0,600.0002559999999,0,0,0,{},0,0,0,0.021343465894460678,0.0078125,0.015625,10.3639497756958,10.01918077468872,14.502950668334961,1956.6424
2024-04-12,BINANCE,BTC-USDT,441883,2024-04-12 00:00:01.583000064+00:00,2024-04-12 23:59:59.944000+00:00,86398.360999,195.523603586333,200.0,201.000192,400.000256,0,0,0,{},0,0,0,0.14423075318336487,0.0078125,0.015625,10.42585563659668,10.154550552368164,15.254709911346435,1956.6424
2024-04-13,BINANCE,BTC-USDT,461355,2024-04-13 00:00:01.644000+00:00,2024-04-13 23:59:59.900000+00:00,86398.256,187.27106733657882,100.000256,401.00019199999997,600.0002559999999,0,0,0,{},0,0,0,0.3535221219062805,0.0078125,0.015625,7.832821846008301,7.968960285186768,13.026644897460937,1956.6424
2024-04-14,BINANCE,BTC-USDT,360841,2024-04-14 00:00:01.700000+00:00,2024-04-14 23:59:59.867000064+00:00,86398.167,239.43622381128478,200.0,500.0,600.0002559999999,0,0,0,{},0,0,0,0.07000450789928436,0.01171875,0.01171875,6.876006126403809,6.554310321807861,10.764880180358887,1956.6424
2024-04-15,BINANCE,BTC-USDT,446275,2024-04-15 00:00:00.066999808+00:00,2024-04-15 23:59:59.954999808+00:00,86399.888,193.60278214729067,100.999936,500.0,600.999936,0,0,0,{},0,0,0,0.039520639926195145,0.0078125,0.015625,7.653353214263916,7.228400230407715,11.861197471618652,1956.6424
2024-04-16,BINANCE,BTC-USDT,517558,2024-04-16 00:00:01.756000+00:00,2024-04-16 23:59:59.875000064+00:00,86398.119,166.9344999682431,100.000256,400.0,500.99993600000005,0,0,0,{},0,0,0,0.03634752705693245,0.01171875,0.01171875,7.960066318511963,7.603809595108032,11.913454484939574,1956.6424
2024-04-17,BINANCE,BTC-USDT,380464,2024-04-17 00:00:01.375000064+00:00,2024-04-17 23:59:59.746000128+00:00,86398.371,227.0874460855957,200.0,401.00019199999997,600.0,0,0,0,{},0,0,0,0.038467563688755035,0.01171875,0.01171875,7.949669361114502,7.3823206424713135,12.404873704910278,1956.6424
2024-04-18,BINANCE,BTC-USDT,444683,2024-04-18 00:00:01.246000128+00:00,2024-04-18 23:59:59.706000128+00:00,86398.46,194.2926855595684,200.0,200.999936,301.000192,0,0,0,{},0,0,0,0.026791347190737724,0.01171875,0.01171875,8.614660263061523,8.130209922790527,13.27721481323242,1956.6424
2024-04-19,BINANCE,BTC-USDT,526204,2024-04-19 00:00:01.607000064+00:00,2024-04-19 23:59:59.936999936+00:00,86398.329999,164.1920133482173,100.000256,400.0,600.0,0,0,0,{},0,0,0,0.051787298172712326,0.01171875,0.01171875,7.375877857208252,7.095674514770508,10.84000015258789,1956.6424
2024-04-20,BINANCE,BTC-USDT,415035,2024-04-20 00:00:01.336999936+00:00,2024-04-20 23:59:59.721999872+00:00,86398.384999,208.1718244768766,200.0,500.0,600.0002559999999,0,0,0,{},0,0,0,0.017677877098321915,0.01171875,0.01171875,8.32417106628418,7.926259994506836,12.621492385864256,1956.6424
2024-04-21,BINANCE,BTC-USDT,439543,2024-04-21 00:00:00.522000128+00:00,2024-04-21 23:59:59.716000+00:00,86399.193999,196.56641231070523,100.000256,500.0,600.999936,0,0,0,{},0,0,0,0.017662111669778824,0.01171875,0.01171875,10.048420906066895,9.720290184020996,14.319662857055661,1956.6424
2024-04-22,BINANCE,BTC-USDT,496548,2024-04-22 00:00:00.116000+00:00,2024-04-22 23:59:59.976999936+00:00,86399.860999,174.00137549906856,100.000256,400.000256,600.0,0,0,0,{},0,0,0,0.021351229399442673,0.0078125,0.015625,10.531669616699219,10.280389785766602,14.839981126785274,1956.6424
2024-04-23,BINANCE,BTC-USDT,481059,2024-04-23 00:00:00.076999936+00:00,2024-04-23 23:59:59.724000+00:00,86399.647,179.6033887806959,100.000256,400.999936,600.0,0,0,0,{},0,0,0,0.014443508349359035,0.0078125,0.015625,11.305346488952637,11.085780143737793,15.457751369476318,1956.6424
2024-04-24,BINANCE,BTC-USDT,494199,2024-04-24 00:00:01.124999936+00:00,2024-04-24 23:59:59.920999936+00:00,86398.796,174.82627610795674,100.000256,400.999936,600.0,0,0,0,{},0,0,0,0.02446424774825573,0.0078125,0.015625,10.820499420166016,10.540949821472168,15.413331222534179,1956.6424
2024-04-25,BINANCE,BTC-USDT,491507,2024-04-25 00:00:01.522000128+00:00,2024-04-25 23:59:59.900999936+00:00,86398.378999,175.78295890550268,100.000256,400.000256,599.999744,0,0,0,{},0,0,0,0.02062883973121643,0.01171875,0.01171875,10.796171188354492,10.439739227294922,15.119877910614008,1956.6424
2024-04-26,BINANCE,BTC-USDT,426006,2024-04-26 00:00:01.502000128+00:00,2024-04-26 23:59:59.982000128+00:00,86398.48,202.81095292308777,199.99974400000002,500.0,600.0002559999999,0,0,0,{},0,0,0,0.014620649628341198,0.01171875,0.01171875,11.083319664001465,10.786680221557617,15.309331893920898,1956.6424
2024-04-27,BINANCE,BTC-USDT,481614,2024-04-27 00:00:01.283000064+00:00,2024-04-27 23:59:59.936000+00:00,86398.652999,179.39435397287033,100.000256,400.999936,600.0002559999999,0,0,0,{},0,0,0,0.018736932426691055,0.01171875,0.01171875,9.755581855773926,9.45587968826294,14.05833911895752,1956.6424
2024-04-28,BINANCE,BTC-USDT,493961,2024-04-28 00:00:01.236000+00:00,2024-04-28 23:59:59.668000+00:00,86398.432,174.90977407077494,100.000256,400.000256,600.0,0,0,0,{},0,0,0,0.01246341597288847,0.01171875,0.01171875,10.118826866149902,9.736929893493652,14.339428901672363,1956.6424
2024-04-29,BINANCE,BTC-USDT,464607,2024-04-29 00:00:01.268000+00:00,2024-04-29 23:59:59.931000064+00:00,86398.663,185.96114342058434,100.000256,401.00019199999997,600.0002559999999,0,0,0,{},0,0,0,0.013683338649570942,0.01171875,0.01171875,10.023493766784668,9.765820503234863,14.261266994476312,1956.6424
2024-04-30,BINANCE,BTC-USDT,455066,2024-04-30 00:00:00.030999808+00:00,2024-04-30 23:59:58.812999936+00:00,86398.782,189.86031006587632,100.000256,500.0,600.999936,0,0,0,{},0,0,0,0.019194571301341057,0.01171875,0.01171875,8.349194526672363,7.9583899974823,12.458511114120483,1956.6424
2024-05-01,BINANCE,BTC-USDT,532038,2024-05-01 00:00:00.914000128+00:00,2024-05-01 23:59:59.944000+00:00,86399.029999,162.39289748621243,100.000256,400.0,500.99993600000005,0,0,0,{},0,0,0,0.03347592055797577,0.01171875,0.01171875,7.64056921005249,7.178584575653076,11.632572603225706,1812.9363
2024-05-02,BINANCE,BTC-USDT,411709,2024-05-02 00:00:02.045000192+00:00,2024-05-02 23:59:59.986000128+00:00,86397.940999,209.85247068295004,200.0,401.00019199999997,600.0,0,0,0,{},0,0,0,0.016082126647233963,0.01171875,0.01171875,7.473862171173096,6.928719997406006,11.080411911010742,1812.9363
2024-05-03,BINANCE,BTC-USDT,481928,2024-05-03 00:00:00.286000128+00:00,2024-05-03 23:59:59.979000064+00:00,86399.692999,179.27962741231764,100.000256,400.99968,600.0,0,0,0,{},0,0,0,0.01669054478406906,0.01171875,0.01171875,7.934362411499023,7.5148701667785645,11.709767627716062,1812.9363
2024-05-04,BINANCE,BTC-USDT,364113,2024-05-04 00:00:00.080000+00:00,2024-05-04 23:59:59.900000+00:00,86399.82,237.28913081689151,100.000256,400.0,501.000192,0,0,0,{},0,0,0,0.013026637025177479,0.01171875,0.01171875,6.675490379333496,6.193910598754883,10.455475044250488,1812.9363
2024-05-05,BINANCE,BTC-USDT,474008,2024-05-05 00:00:01.200999936+00:00,2024-05-05 23:59:59.920999936+00:00,86398.72,182.27308879404734,100.000256,400.999936,600.0,0,0,0,{},0,0,0,0.013438163325190544,0.01171875,0.01171875,6.295801639556885,5.850550413131714,9.614952182769773,1812.9363
2024-05-06,BINANCE,BTC-USDT,512984,2024-05-06 00:00:01.022000128+00:00,2024-05-06 23:59:59.816000+00:00,86398.793999,168.42428306566103,100.000256,400.0,501.000192,0,0,0,{},0,0,0,0.01759851723909378,0.01171875,0.01171875,7.448132514953613,7.132239818572998,10.941633844375609,1812.9363
2024-05-07,BINANCE,BTC-USDT,484320,2024-05-07 00:00:00.916000+00:00,2024-05-07 23:59:59.882999808+00:00,86398.966999,178.39268539910267,100.000256,400.000256,600.0,0,0,0,{},0,0,0,0.015471418388187885,0.01171875,0.01171875,6.762120246887207,6.495965242385864,9.7735125541687,1812.9363
2024-05-08,BINANCE,BTC-USDT,511955,2024-05-08 00:00:01.384000+00:00,2024-05-08 23:59:59.844000+00:00,86398.46,168.76215441231048,100.000256,400.0,501.000192,0,0,0,{},0,0,0,0.01583452895283699,0.01171875,0.01171875,7.322211265563965,7.056369781494141,10.78829469680786,1812.9363
2024-05-09,BINANCE,BTC-USDT,547278,2024-05-09 00:00:00.044000+00:00,2024-05-09 23:59:59.963000064+00:00,86399.919,157.87237358789793,100.000256,400.0,500.0,0,0,0,{},0,0,0,0.013533462770283222,0.01171875,0.01171875,8.903707504272461,8.604575157165527,12.705977010726924,1812.9363
2024-05-10,BINANCE,BTC-USDT,472807,2024-05-10 00:00:00.063000064+00:00,2024-05-10 23:59:59.648999936+00:00,86399.585999,182.73792210731673,100.000256,400.000256,599.999744,0,0,0,{},0,0,0,0.015809403732419014,0.01171875,0.01171875,8.972661972045898,8.608550071716309,13.196971893310547,1812.9363
2024-05-11,BINANCE,BTC-USDT,503145,2024-05-11 00:00:01.049999872+00:00,2024-05-11 23:59:59.941999872+00:00,86398.892,171.7180210834274,100.000256,400.0,501.000192,0,0,0,{},0,0,0,0.011585618369281292,0.01171875,0.01171875,8.613353729248047,8.283919334411621,12.318255233764646,1812.9363
2024-05-12,BINANCE,BTC-USDT,517259,2024-05-12 00:00:00.042000128+00:00,2024-05-12 23:59:59.948999936+00:00,86399.906999,167.03445282587802,100.000256,400.0,500.99993600000005,0,0,0,{},0,0,0,0.011578467674553394,0.01171875,0.01171875,9.072737693786621,8.754430770874023,12.873291110992426,1812.9363
2024-05-13,BINANCE,BTC-USDT,491564,2024-05-13 00:00:01.650000128+00:00,2024-05-13 23:59:59.972000+00:00,86398.321999,175.7624597454894,100.000256,400.000256,600.0,0,0,0,{},0,0,0,0.01429554633796215,0.01171875,0.01171875,9.146585464477539,8.745929718017578,12.746469497680664,1812.9363
2024-05-14,BINANCE,BTC-USDT,560394,2024-05-14 00:00:01.472000+00:00,2024-05-14 23:59:59.624999936+00:00,86398.152999,154.17421880704435,100.0,399.99974399999996,500.0,0,0,0,{},0,0,0,0.01616010069847107,0.01171875,0.01171875,10.153303146362305,9.455000877380371,13.97873454093933,1812.9363
2024-05-15,BINANCE,BTC-USDT,531284,2024-05-15 00:00:01.226000128+00:00,2024-05-15 23:59:59.656000+00:00,86398.429999,162.6222371125596,100.000256,400.0,500.99993600000005,0,0,0,{},0,0,0,0.022122833877801895,0.01171875,0.015625,9.390911102294922,9.115340232849121,13.514355516433715,1812.9363
2024-05-16,BINANCE,BTC-USDT,431195,2024-05-16 00:00:01.056999936+00:00,2024-05-16 23:59:59.675000064+00:00,86398.618,200.37064059362606,200.0,400.999936,600.0,0,0,0,{},0,0,0,0.013482271693646908,0.0078125,0.015625,10.18274211883545,9.88399887084961,14.484625434875488,1812.9363
2024-05-17,BINANCE,BTC-USDT,480857,2024-05-17 00:00:00.075000064+00:00,2024-05-17 23:59:59.882999808+00:00,86399.807999,179.67917214247925,100.000256,400.000256,600.0,0,0,0,{},0,0,0,0.01227397657930851,0.0078125,0.015625,10.814697265625,10.471799850463867,15.172248077392567,1812.9363
2024-05-18,BINANCE,BTC-USDT,502640,2024-05-18 00:00:00.183000064+00:00,2024-05-18 23:59:59.983000064+00:00,86399.8,171.8923521652717,100.000256,400.0,501.000192,0,0,0,{},0,0,0,0.010357142426073551,0.0078125,0.015625,10.281693458557129,9.767980098724365,14.557241439819336,1812.9363
2024-05-19,BINANCE,BTC-USDT,504751,2024-05-19 00:00:00.683000064+00:00,2024-05-19 23:59:59.957999872+00:00,86399.274999,171.1724120848103,100.000256,400.0,501.000192,0,0,0,{},0,0,0,0.010799833573400974,0.0078125,0.015625,10.002788543701172,9.716639518737793,14.004264831542969,1812.9363
2024-05-20,BINANCE,BTC-USDT,524781,2024-05-20 00:00:00.058000128+00:00,2024-05-20 23:59:59.930000128+00:00,86399.872,164.64017683600747,100.000256,400.0,500.99993600000005,0,0,0,{},0,0,0,0.016665969043970108,0.0078125,0.015625,10.781124114990234,10.313071250915527,15.360921859741211,1812.9363
2024-05-21,BINANCE,BTC-USDT,485635,2024-05-21 00:00:01.231000064+00:00,2024-05-21 23:59:59.924999936+00:00,86398.693999,177.90907144036868,100.000256,400.0,599.999744,0,0,0,{},0,0,0,0.014816763810813427,0.0078125,0.015625,12.071847915649414,11.14385986328125,19.827028656005854,1812.9363
2024-05-22,BINANCE,BTC-USDT,531228,2024-05-22 00:00:01.526000128+00:00,2024-05-22 23:59:59.928999936+00:00,86398.402999,162.63932932589645,100.000256,400.0,500.99993600000005,0,0,0,{},0,0,0,0.01446037832647562,0.0078125,0.015625,10.5269193649292,10.21428394317627,14.61731395721435,1812.9363
2024-05-23,BINANCE,BTC-USDT,448715,2024-05-23 00:00:00.328999936+00:00,2024-05-23 23:59:59.809999872+00:00,86399.480999,192.54910923201862,100.000256,500.0,600.999936,0,0,0,{},0,0,0,0.04264303669333458,0.0078125,0.015625,10.008018493652344,9.767600059509277,14.591095066070555,1812.9363
2024-05-24,BINANCE,BTC-USDT,531926,2024-05-24 00:00:01.510999808+00:00,2024-05-24 23:59:59.982000128+00:00,86398.471,162.42603938585327,100.000256,400.0,500.99993600000005,0,0,0,{},0,0,0,0.013084013015031815,0.0078125,0.015625,9.813807487487793,9.298335075378418,13.92026138305664,1812.9363
2024-05-25,BINANCE,BTC-USDT,483424,2024-05-25 00:00:00.482000128+00:00,2024-05-25 23:59:59.896000+00:00,86399.413999,178.7242518454273,100.000256,400.000256,501.000192,0,0,0,{},0,0,0,0.00997914094477892,0.0078125,0.015625,10.372896194458008,10.069680213928223,14.46730556488037,1812.9363
2024-05-26,BINANCE,BTC-USDT,446071,2024-05-26 00:00:00.796000+00:00,2024-05-26 23:59:59.959000064+00:00,86399.163,193.68969668452036,199.99974400000002,400.999936,600.0,0,0,0,{},0,0,0,0.010462460108101368,0.0078125,0.015625,11.00797176361084,10.689949989318848,15.068659782409668,1812.9363
2024-05-27,BINANCE,BTC-USDT,469274,2024-05-27 00:00:00.658999808+00:00,2024-05-27 23:59:59.969000192+00:00,86399.31,184.11310687038036,100.000256,400.999936,600.0002559999999,0,0,0,{},0,0,0,0.011556681245565414,0.0078125,0.015625,10.418819427490234,10.090921401977539,14.897451305389403,1812.9363
2024-05-28,BINANCE,BTC-USDT,546001,2024-05-28 00:00:00.869999872+00:00,2024-05-28 23:59:59.759000064+00:00,86398.889,158.2397234435751,100.0,400.0,500.99967999999996,0,0,0,{},0,0,0,0.013990516774356365,0.0078125,0.015625,11.300407409667969,10.952988624572754,16.050609588623047,1812.9363
2024-05-29,BINANCE,BTC-USDT,418071,2024-05-29 00:00:00.059000064+00:00,2024-05-29 23:59:59.984000+00:00,86399.924999,206.66377640092807,200.0,401.00019199999997,600.0,0,0,0,{},0,0,0,0.013178514316678047,0.0078125,0.015625,11.583250045776367,11.315320014953613,15.823504447937012,1812.9363
2024-05-30,BINANCE,BTC-USDT,426208,2024-05-30 00:00:00.884000+00:00,2024-05-30 23:59:59.957999872+00:00,86399.073999,202.71622474495257,200.0,400.999936,600.0,0,0,0,{},0,0,0,0.013365411199629307,0.0078125,0.015625,11.498497009277344,11.168925762176514,16.12053079605102,1812.9363
2024-05-31,BINANCE,BTC-USDT,474289,2024-05-31 00:00:00.457999872+00:00,2024-05-31 23:59:58.992999936+00:00,86398.535,182.1647079413015,100.000256,400.000256,600.0,0,0,0,{},0,0,0,0.014320168644189835,0.0078125,0.015625,12.36061954498291,12.007761001586914,17.487041473388672,1812.9363
2024-06-01,BINANCE,BTC-USDT,451316,2024-06-01 00:00:01.493999872+00:00,2024-06-01 23:59:59.854000128+00:00,86398.36,191.4369342925806,100.000256,500.0,600.999936,0,0,0,{},0,0,0,0.010645898059010506,0.0078125,0.015625,11.411023139953613,10.91670036315918,15.842581987380981,1560.8642
2024-06-02,BINANCE,BTC-USDT,506927,2024-06-02 00:00:00.954999808+00:00,2024-06-02 23:59:59.900000+00:00,86398.945,170.43699672179372,100.000256,400.0,501.000192,0,0,0,{},0,0,0,0.01193117443472147,0.0078125,0.015625,12.708823204040527,12.356608390808105,17.49480934143066,1560.8642
2024-06-03,BINANCE,BTC-USDT,472085,2024-06-03 00:00:00+00:00,2024-06-03 23:59:59.703000064+00:00,86399.703,183.0176472832462,100.000256,401.00019199999997,600.0002559999999,0,0,0,{},0,0,0,0.015842832624912262,0.0078125,0.015625,11.391488075256348,11.127510070800781,15.839789009094238,1560.8642
2024-06-04,BINANCE,BTC-USDT,519851,2024-06-04 00:00:01.304000+00:00,2024-06-04 23:59:59.977999872+00:00,86398.673999,166.1992382415543,100.000256,400.0,500.99993600000005,0,0,0,{},0,0,0,0.01474962942302227,0.0078125,0.015625,12.806547164916992,12.452178955078125,17.398154258728027,1560.8642
2024-06-05,BINANCE,BTC-USDT,420522,2024-06-05 00:00:00.579000064+00:00,2024-06-05 23:59:59.973999872+00:00,86399.394999,205.45797950591765,200.0,401.00019199999997,600.0,0,0,0,{},0,0,0,0.014011938124895096,0.0078125,0.015625,14.27535629272461,13.892800331115723,20.32749023437499,1560.8642
2024-06-06,BINANCE,BTC-USDT,426335,2024-06-06 00:00:01.075000064+00:00,2024-06-06 23:59:59.973999872+00:00,86398.898999,202.65542743437774,200.0,400.000256,600.0,0,0,0,{},0,0,0,0.012453821487724781,0.0078125,0.015625,13.56390380859375,13.104888916015625,18.019786453247068,1560.8642
2024-06-07,BINANCE,BTC-USDT,463790,2024-06-07 00:00:02.175000064+00:00,2024-06-07 23:59:59.700999936+00:00,86397.525999,186.28627673332485,100.000256,400.999936,600.0002559999999,0,0,0,{},0,0,0,0.05352333188056946,0.0078125,0.015625,13.857678413391113,13.914231300354004,19.373409271240234,1560.8642
2024-06-08,BINANCE,BTC-USDT,415763,2024-06-08 00:00:00.002000128+00:00,2024-06-08 23:59:59.956999936+00:00,86399.954999,207.8110914412765,199.99974400000002,500.0,600.999936,0,0,0,{},0,0,0,0.010611645877361298,0.0078125,0.015625,15.26319694519043,14.995830535888672,20.255800247192383,1560.8642
2024-06-09,BINANCE,BTC-USDT,447272,2024-06-09 00:00:00.956999936+00:00,2024-06-09 23:59:59.924000+00:00,86398.967,193.16916813310945,100.000256,401.00019199999997,600.99968,0,0,0,{},0,0,0,0.010338944382965565,0.0078125,0.015625,14.442435264587402,14.009196281433105,19.100693225860596,1560.8642
2024-06-10,BINANCE,BTC-USDT,446952,2024-06-10 00:00:00.724999936+00:00,2024-06-10 23:59:59.785000192+00:00,86399.06,193.3076780234433,100.000256,401.00019199999997,600.0002559999999,0,0,0,{},0,0,0,0.011143761686980724,0.0078125,0.015625,15.69720458984375,15.48707914352417,21.056020164489734,1560.8642
2024-06-11,BINANCE,BTC-USDT,471805,2024-06-11 00:00:00.684999936+00:00,2024-06-11 23:59:59.964000+00:00,86399.279,183.12536349853752,100.000256,400.000256,599.999744,0,0,0,{},0,0,0,0.031098537147045135,0.0078125,0.015625,14.490079879760742,14.375359535217285,19.682903289794922,1560.8642
2024-06-12,BINANCE,BTC-USDT,424387,2024-06-12 00:00:01.064999936+00:00,2024-06-12 23:59:59.617000192+00:00,86398.552,203.58483079143988,200.0,400.000256,501.000192,0,0,0,{},0,0,0,0.03329145535826683,0.0078125,0.015625,15.04842758178711,14.943340301513672,20.447102165222162,1560.8642
2024-06-13,BINANCE,BTC-USDT,481852,2024-06-13 00:00:01.517999872+00:00,2024-06-13 23:59:59.812000+00:00,86398.294,179.30500092378765,100.000256,400.000256,599.999744,0,0,0,{},0,0,0,0.020845141261816025,0.0078125,0.015625,14.235319137573242,14.002724170684814,18.754531669616686,1560.8642
2024-06-14,BINANCE,BTC-USDT,531163,2024-06-14 00:00:01.112999936+00:00,2024-06-14 23:59:59.484999936+00:00,86398.372,162.65917366076638,100.000256,400.0,500.99993600000005,0,0,0,{},0,0,0,0.018768537789583206,0.0078125,0.015625,14.692359924316406,14.429109573364258,19.540673828124998,1560.8642
2024-06-15,BINANCE,BTC-USDT,466281,2024-06-15 00:00:01.184999936+00:00,2024-06-15 23:59:59.974999808+00:00,86398.789999,185.29379342856652,100.000256,400.000256,600.0,0,0,0,{},0,0,0,0.010389624163508415,0.0078125,0.015625,16.984466552734375,16.55940818786621,24.34073829650879,1560.8642
2024-06-16,BINANCE,BTC-USDT,456348,2024-06-16 00:00:00.275000064+00:00,2024-06-16 23:59:59.957999872+00:00,86399.682999,189.32891637242713,101.000192,400.000256,600.0,0,0,0,{},0,0,0,0.010220561176538467,0.0078125,0.015625,14.876001358032227,14.218969821929932,20.112045383453367,1560.8642
2024-06-17,BINANCE,BTC-USDT,460285,2024-06-17 00:00:00.757999872+00:00,2024-06-17 23:59:59.911000064+00:00,86399.153,187.7083561457535,100.000256,400.999936,600.0,0,0,0,{},0,0,0,0.01368774101138115,0.0078125,0.015625,14.979971885681152,14.87916088104248,19.967372131347656,1560.8642
2024-06-18,BINANCE,BTC-USDT,485557,2024-06-18 00:00:00.812000+00:00,2024-06-18 23:59:59.736999936+00:00,86398.924999,177.9381266011253,100.000256,400.000256,600.0,0,0,0,{},0,0,0,0.01934448815882206,0.01171875,0.015625,14.650177001953125,13.75890064239502,19.729339599609375,1560.8642
2024-06-19,BINANCE,BTC-USDT,484250,2024-06-19 00:00:00.137000192+00:00,2024-06-19 23:59:59.912000+00:00,86399.774999,178.42014129055093,100.000256,400.000256,599.999744,0,0,0,{},0,0,0,0.012709393166005611,0.01171875,0.01171875,13.738595962524414,13.371450424194336,19.213316345214842,1560.8642
2024-06-20,BINANCE,BTC-USDT,466244,2024-06-20 00:00:01.212999936+00:00,2024-06-20 23:59:59.928999936+00:00,86398.716,185.30833921367184,100.000256,400.999936,600.0,0,0,0,{},0,0,0,0.013061829842627048,0.01171875,0.015625,15.706446647644043,13.663933753967285,20.950321197509762,1560.8642
2024-06-21,BINANCE,BTC-USDT,526460,2024-06-21 00:00:00.729000192+00:00,2024-06-21 23:59:59.851000064+00:00,86399.121999,164.11367646838974,100.000256,400.0,500.99993600000005,0,0,0,{},0,0,0,0.013808051124215126,0.01171875,0.01171875,13.524894714355469,12.178459167480469,18.099599838256836,1560.8642
2024-06-22,BINANCE,BTC-USDT,536189,2024-06-22 00:00:01.552000+00:00,2024-06-22 23:59:59.852999936+00:00,86398.300999,161.13434280501616,100.000256,400.0,500.99993600000005,0,0,0,{},0,0,0,0.010611449368298054,0.01171875,0.01171875,15.304669380187988,14.739289283752441,22.31195831298828,1560.8642
2024-06-23,BINANCE,BTC-USDT,500612,2024-06-23 00:00:00.553999872+00:00,2024-06-23 23:59:59.788999936+00:00,86399.235,172.58756799204173,100.000256,400.000256,600.0,0,0,0,{},0,0,0,0.011735635809600353,0.01171875,0.01171875,15.746788024902344,15.433398723602295,22.673273944854724,1560.8642
2024-06-24,BINANCE,BTC-USDT,502050,2024-06-24 00:00:00.788999936+00:00,2024-06-24 23:59:59.857000192+00:00,86399.068,172.09289929918396,100.000256,400.000256,600.0,0,0,0,{},0,0,0,0.02386431209743023,0.01171875,0.01171875,13.674029350280762,13.512505531311035,19.48728189468384,1560.8642
2024-06-25,BINANCE,BTC-USDT,521492,2024-06-25 00:00:01.058000128+00:00,2024-06-25 23:59:59.970000128+00:00,86398.912,165.67670774759296,100.000256,400.0,500.99993600000005,0,0,0,{},0,0,0,0.01394697930663824,0.01171875,0.01171875,15.5593843460083,15.21937894821167,21.388574600219727,1560.8642
2024-06-26,BINANCE,BTC-USDT,433336,2024-06-26 00:00:00.670000128+00:00,2024-06-26 23:59:59.908999936+00:00,86399.238999,199.38209237612472,199.99974400000002,400.999936,600.0,0,0,0,{},0,0,0,0.012268085964024067,0.01171875,0.01171875,16.30516815185547,15.694748401641846,23.000231742858887,1560.8642
2024-06-27,BINANCE,BTC-USDT,512478,2024-06-27 00:00:00.608999936+00:00,2024-06-27 23:59:59.872999936+00:00,86399.264,168.59149581347066,100.000256,400.0,501.000192,0,0,0,{},0,0,0,0.012160956859588623,0.01171875,0.01171875,14.988751411437988,14.789353370666504,20.626426696777344,1560.8642
2024-06-28,BINANCE,BTC-USDT,510413,2024-06-28 00:00:01.472999936+00:00,2024-06-28 23:59:59.996000+00:00,86398.523,169.2721233044364,100.000256,400.0,501.000192,0,0,0,{},0,0,0,0.013405305333435535,0.01171875,0.01171875,15.373112678527832,15.026409149169922,22.190140533447263,1560.8642
2024-06-29,BINANCE,BTC-USDT,526949,2024-06-29 00:00:01.397000192+00:00,2024-06-29 23:59:59.956000+00:00,86398.558999,163.9603129716936,100.000256,400.0,500.99993600000005,0,0,0,{},0,0,0,0.011426642537117004,0.01171875,0.01171875,17.616783142089844,17.676820755004883,24.177712249755857,1560.8642
2024-06-30,BINANCE,BTC-USDT,522723,2024-06-30 00:00:01.456999936+00:00,2024-06-30 23:59:58.826999808+00:00,86397.369999,165.28359242555698,100.000256,400.0,500.99993600000005,0,0,0,{},0,0,0,0.011531905271112919,0.01171875,0.01171875,17.31096649169922,16.16400146484375,23.210532760620115,1560.8642
